编号,序号,代码,名称,涨跌幅,价格,涨跌额,5分钟涨跌额,今开,昨收,最高,最低,成交量,成交额,换手,量比,委比,振幅,市盈率,流通市值,总市值,每股收益,净利润,主营收
0,1401,600136,当代文体,-0.0252,5.81,-0.15,0.0017,5.96,5.96,6,5.8,29340,17160000,0.0059,1,0.6422,0.0336,-1.7,2829000000,3397000000,-3.34,-1299000000,411000000
1,1402,688668,鼎通科技,-0.0252,25.94,-0.67,0,26.61,26.61,26.7,25.93,6581,17210000,0.0338,0.98,0.3226,0.0289,29.5,502000000,2212000000,0.88,54080000,270000000
2,1403,688008,澜起科技,-0.0252,84.71,-2.19,-0.0007,87,86.9,87.34,83.97,47674,405000000,0.0113,1.06,0.4597,0.0388,89,35520000000,95500000000,0.95,878000000,1468000000
3,1404,603916,苏博特,-0.0253,24.7,-0.64,-0.0024,25.34,25.34,25.44,24.7,18825,46930000,0.0054,1.04,0.6914,0.0292,19,8524000000,8651000000,1.3,302000000,2451000000
4,1405,600277,亿利洁能,-0.0253,2.7,-0.07,0,2.77,2.77,2.77,2.69,96168,26130000,0.0035,1.29,0.1759,0.0289,20.8,7395000000,7395000000,0.13,225000000,8683000000
5,1406,600070,浙江富润,-0.0254,8.07,-0.21,0,8.21,8.28,8.28,8.02,45218,36750000,0.0086,0.89,0.5314,0.0314,8.6,4202000000,4202000000,0.94,348000000,2008000000
6,1407,600530,*ST交昂,-0.0254,2.69,-0.07,-0.0036,2.75,2.76,2.75,2.69,23955,6502000,0.0031,1.52,-0.0246,0.0217,-18.1,2098000000,2098000000,-0.15,54560000,252000000
7,1408,600879,航天电子,-0.0254,7.68,-0.2,-0.0013,7.8,7.88,7.84,7.64,527500,408000000,0.0194,0.83,0.3703,0.0254,46.3,20880000000,20880000000,0.17,343000000,8716000000
8,1409,600871,石化油服,-0.0254,1.92,-0.05,0,1.97,1.97,1.97,1.91,307800,59370000,0.0023,1.93,0.034,0.0305,87.3,26050000000,36450000000,0.02,232000000,46420000000
9,1410,601989,中国重工,-0.0254,4.22,-0.11,0.0023,4.33,4.33,4.33,4.2,691400,294000000,0.0038,1.36,0.2503,0.03,-116.9,76970000000,95990000000,-0.04,-112000000,24770000000
10,1411,601598,中国外运,-0.0254,4.22,-0.11,0,4.34,4.33,4.34,4.19,221400,93980000,0.0163,1.32,0.5566,0.0346,11.4,5704000000,31230000000,0.37,2081000000,62290000000
11,1412,600213,亚星客车,-0.0255,6.89,-0.18,0.0014,6.98,7.07,7.07,6.8,53218,36750000,0.0242,1.36,0.6603,0.0382,-17.2,1514000000,1514000000,-0.4,-88170000,1339000000
12,1413,688081,兴图新科,-0.0255,28.65,-0.75,-0.0024,29.11,29.4,29.16,28.52,2042,5878000,0.0065,1.55,0.5832,0.0218,29.8,891000000,2107000000,0.96,1703000,73440000
13,1414,603388,元成股份,-0.0255,5.73,-0.15,-0.0051,5.86,5.88,5.89,5.68,8685,5013000,0.003,1.97,0.3568,0.0357,15.5,1634000000,1634000000,0.37,62970000,523000000
14,1415,600340,华夏幸福,-0.0255,11.07,-0.29,-0.0026,11.25,11.36,11.25,11.06,163700,182000000,0.0042,0.84,0.7249,0.0167,3.2,43090000000,43320000000,3.41,7280000000,56730000000
15,1416,603636,南威软件,-0.0255,9.16,-0.24,0.0021,9.38,9.4,9.48,9.08,26784,24610000,0.0045,1.53,0.7815,0.0426,41.1,5412000000,5412000000,0.22,-6580000,489000000
16,1417,600965,福成股份,-0.0255,5.34,-0.14,-0.0055,5.48,5.48,5.48,5.34,16841,9043000,0.002,1.43,0.5161,0.0255,32.2,4380000000,4380000000,0.17,87090000,765000000
17,1418,600986,浙文互联,-0.0256,4.19,-0.11,0,4.33,4.3,4.33,4.17,120500,50820000,0.0091,1.56,0.5752,0.0372,-2.2,5516000000,5550000000,-1.9,102000000,6893000000
18,1419,600825,新华传媒,-0.0256,4.18,-0.11,0,4.29,4.29,4.29,4.16,24128,10160000,0.0023,1.19,-0.0825,0.0303,321.5,4368000000,4368000000,0.01,15690000,801000000
19,1420,600895,张江高科,-0.0257,17.07,-0.45,-0.0006,17.46,17.52,17.5,17.02,85578,147000000,0.0055,1.31,0.1957,0.0274,23.4,26460000000,26460000000,0.73,1007000000,602000000
20,1421,603533,掌阅科技,-0.0257,33.37,-0.88,-0.0006,34,34.25,34.87,33.33,62623,212000000,0.0156,1.06,0.1418,0.045,61.9,13390000000,13390000000,0.54,166000000,1495000000
21,1422,600729,重庆百货,-0.0257,27.3,-0.72,0.0007,27.9,28.02,27.9,27.11,23938,65570000,0.0059,1.48,0.7968,0.0282,10.7,11080000000,11090000000,2.55,958000000,22550000000
22,1423,600679,上海凤凰,-0.0257,12.49,-0.33,-0.0008,12.73,12.82,12.79,12.48,14348,18020000,0.0062,1.17,0.3525,0.0242,88.5,2880000000,5817000000,0.14,53570000,1030000000
23,1424,601500,通用股份,-0.0258,5.29,-0.14,0.0018,5.41,5.43,5.41,5.27,22600,12040000,0.0026,1.54,-0.1656,0.0258,49.8,4606000000,4606000000,0.11,85800000,2461000000
24,1425,600419,天润乳业,-0.0258,16.23,-0.43,-0.0012,16.59,16.66,16.79,16.17,58002,95170000,0.0215,1.37,0.5926,0.0372,29,4362000000,4362000000,0.56,120000000,1319000000
25,1426,601212,白银有色,-0.0258,2.64,-0.07,0.0037,2.7,2.71,2.7,2.62,383700,102000000,0.0052,1.92,0.5937,0.0295,264,19540000000,19540000000,0.01,22170000,47000000000
26,1427,603496,恒为科技,-0.0259,16.2,-0.43,0,16.63,16.63,16.63,16.07,9280,15040000,0.0047,0.92,0.6768,0.0337,754.9,3228000000,3262000000,0.02,6634000,309000000
27,1428,600999,招商证券,-0.026,25.89,-0.69,0.0023,26.26,26.58,27.08,25.75,462900,1221000000,0.0062,1.2,-0.0538,0.05,22.2,1.92E+11,2.26E+11,1.17,7271000000,17900000000
28,1429,601618,中国中冶,-0.026,3,-0.08,0,3.06,3.08,3.06,2.97,1254000,378000000,0.007,0.98,0.4801,0.0292,11.1,53370000000,61960000000,0.27,4607000000,2.68E+11
29,1430,688199,久日新材,-0.026,44.6,-1.19,0.0015,45.79,45.79,45.82,44.38,5347,24010000,0.0067,1.15,0.1453,0.0314,41.3,3498000000,4961000000,1.08,114000000,707000000
30,1431,601818,光大银行,-0.026,4.12,-0.11,0,4.24,4.23,4.26,4.1,1141000,475000000,0.0027,1,0.3355,0.0355,6.5,1.70E+11,2.23E+11,0.63,29600000000,1.07E+11
31,1432,600730,中国高科,-0.026,4.12,-0.11,0.0024,4.23,4.23,4.24,4.11,21949,9107000,0.0037,1.23,0.654,0.0307,-37.1,2417000000,2417000000,-0.11,10680000,74290000
32,1433,603095,越剑智能,-0.0261,22.05,-0.59,0,22.58,22.64,22.58,21.95,3522,7786000,0.0104,0.92,0.7067,0.0278,20,727000000,2908000000,1.1,86430000,498000000
33,1434,600805,悦达投资,-0.0261,4.11,-0.11,0.0024,4.14,4.22,4.19,4.08,79068,32620000,0.0093,1.47,0.8175,0.0261,-9.6,3486000000,3489000000,-0.43,-384000000,1954000000
34,1435,688028,沃尔德,-0.0261,33.25,-0.89,-0.0006,34.14,34.14,34.3,33.2,2520,8452000,0.0066,0.8,0.0688,0.0322,46.8,1269000000,2660000000,0.71,41320000,170000000
35,1436,688555,泽达易盛,-0.0261,32.12,-0.86,-0.0003,32.76,32.98,32.78,32.1,1558,5023000,0.0079,0.89,-0.0458,0.0206,25.3,634000000,2669000000,1.27,49070000,164000000
36,1437,603709,中源家居,-0.0261,22.4,-0.6,-0.0004,23.18,23,23.28,22.12,19867,44860000,0.0992,2.04,-0.2727,0.0504,84,453000000,1814000000,0.27,35420000,809000000
37,1438,603003,龙宇燃油,-0.0261,7.09,-0.19,0,7.25,7.28,7.29,7.01,13256,9450000,0.0031,1.36,-0.764,0.0385,54,2953000000,2953000000,0.13,17090000,7230000000
38,1439,603220,中贝通信,-0.0261,13.43,-0.36,0.0029,13.82,13.79,13.83,13.39,23989,32400000,0.0129,1.5,0.2129,0.0319,47.5,2501000000,4550000000,0.28,20350000,1150000000
39,1440,603116,红蜻蜓,-0.0262,5.58,-0.15,-0.0017,5.71,5.73,5.75,5.58,8504,4788000,0.0015,1.76,0.1988,0.0297,46.6,3221000000,3221000000,0.12,59660000,1626000000
40,1441,600162,香江控股,-0.0262,1.86,-0.05,0,1.9,1.91,1.91,1.86,54770,10280000,0.0016,1.34,0.2526,0.0262,41.6,6350000000,6350000000,0.04,-8866000,1645000000
41,1442,603633,徕木股份,-0.0263,8.9,-0.24,0.0011,9.28,9.14,9.28,8.86,13294,11950000,0.005,0.89,0.4373,0.046,52.3,2343000000,2343000000,0.17,31060000,365000000
42,1443,688057,金达莱,-0.0263,32.6,-0.88,-0.0009,33.37,33.48,33.54,32.5,11631,38240000,0.0182,2.2,-0.1227,0.0311,18,2079000000,8998000000,1.81,307000000,776000000
43,1444,688981,中芯国际,-0.0263,57.75,-1.56,-0.0022,59.31,59.31,59.9,57.68,254900,1495000000,0.0232,0.98,0.2755,0.0374,113.2,63260000000,4.56E+11,0.51,3080000000,20800000000
44,1445,603906,龙蟠科技,-0.0263,32.94,-0.89,-0.0006,33.95,33.83,34.58,32.76,57424,194000000,0.0167,1.3,-0.4584,0.0538,55.9,11310000000,11360000000,0.59,144000000,1370000000
45,1446,601599,鹿港文化,-0.0263,2.59,-0.07,0,2.63,2.66,2.66,2.55,46287,11990000,0.0051,0.98,0.7056,0.0414,-1.1,2312000000,2312000000,-2.3,-997000000,1226000000
46,1447,600053,九鼎投资,-0.0263,18.86,-0.51,0.0015,19.37,19.37,19.42,18.81,16827,31970000,0.0039,0.67,0.872,0.0315,11.7,8172000000,8172000000,1.61,130000000,275000000
47,1448,603815,交建股份,-0.0263,9.98,-0.27,0.0029,10.19,10.25,10.24,9.95,22968,23080000,0.0141,0.75,-0.245,0.0283,50,1631000000,4985000000,0.2,41920000,1874000000
48,1449,601881,中国银河,-0.0264,11.81,-0.32,0.0016,12.1,12.13,12.13,11.76,253500,303000000,0.0039,1.9,0.6274,0.0305,16.9,76190000000,1.20E+11,0.7,5651000000,18080000000
49,1450,600528,中铁工业,-0.0264,8.85,-0.24,0,9.01,9.09,9.05,8.82,113800,101000000,0.0051,1.5,0.7748,0.0253,11.5,19660000000,19660000000,0.77,1403000000,18000000000
50,1451,600751,海航科技,-0.0264,2.58,-0.07,0.0038,2.65,2.65,2.65,2.56,205900,53320000,0.008,1.06,0.5135,0.034,10.6,6639000000,7480000000,0.24,459000000,2.36E+11
51,1452,603351,威尔药业,-0.0264,20.99,-0.57,-0.0093,21.56,21.56,22.22,20.96,6283,13460000,0.0104,1.38,-0.6946,0.0584,27.6,1252000000,2741000000,0.76,75600000,512000000
52,1453,603881,数据港,-0.0266,62.3,-1.7,0.0028,63.99,64,65.45,61.81,35438,224000000,0.0168,1.12,-0.376,0.0569,103.8,13110000000,14630000000,0.6,110000000,652000000
53,1454,600081,东风科技,-0.0266,13.16,-0.36,-0.0015,13.58,13.52,13.58,13.1,61783,81760000,0.0195,0.91,0.782,0.0355,30.3,4126000000,4126000000,0.43,93920000,4722000000
54,1455,600770,综艺股份,-0.0266,5.48,-0.15,-0.0018,5.62,5.63,5.62,5.41,141900,77780000,0.0109,1.83,0.2463,0.0373,27.1,7137000000,7137000000,0.2,221000000,329000000
55,1456,605158,华达新材,-0.0267,10.56,-0.29,-0.0037,10.85,10.85,10.85,10.56,10594,11310000,0.0107,1.45,-0.2237,0.0258,13,1040000000,4158000000,0.81,203000000,4397000000
56,1457,605500,森林包装,-0.0268,18.19,-0.5,-0.0011,18.69,18.69,18.69,18.18,24079,44200000,0.0479,0.63,-0.1925,0.0273,16.1,909000000,3636000000,1.13,118000000,1482000000
57,1458,688033,天宜上佳,-0.0268,13.44,-0.37,0,13.76,13.81,13.88,13.41,19717,26660000,0.0065,1.32,0.3151,0.034,49.7,4092000000,6027000000,0.27,63260000,237000000
58,1459,600316,洪都航空,-0.0269,50.31,-1.39,0.0002,51.69,51.7,52.31,50.12,151200,772000000,0.021,1.13,-0.124,0.0424,205.6,36070000000,36070000000,0.24,12680000,3016000000
59,1460,603630,拉芳家化,-0.0269,14.1,-0.39,0.0014,14.49,14.49,14.49,14.06,16632,23570000,0.0074,1.13,0.6524,0.0297,44,3162000000,3194000000,0.32,82160000,653000000
60,1461,600114,东睦股份,-0.0269,7.95,-0.22,0.0061,8.12,8.17,8.14,7.87,61868,49310000,0.0101,0.95,-0.0979,0.033,18,4864000000,4888000000,0.44,48370000,2252000000
61,1462,601088,中国神华,-0.027,18.39,-0.51,-0.0021,18.91,18.9,18.91,18.33,241000,445000000,0.0015,0.95,0.7101,0.0307,9.2,3.03E+11,3.66E+11,2,33560000000,1.66E+11
62,1463,688278,特宝生物,-0.0271,32.01,-0.89,-0.0012,32.78,32.9,32.96,31.76,5998,19320000,0.0027,1.48,0.1367,0.0365,86.5,7053000000,13020000000,0.37,76260000,561000000
63,1464,688096,京源环保,-0.0271,16.18,-0.45,0,16.59,16.63,16.59,16.18,1364,2218000,0.0054,0.63,0.6734,0.0247,14.1,412000000,1736000000,1.15,36360000,205000000
64,1465,603936,博敏电子,-0.0271,11.5,-0.32,-0.0008,11.93,11.82,11.93,11.47,34101,39640000,0.0086,1.31,0.7008,0.0389,20.9,4570000000,5887000000,0.55,157000000,1996000000
65,1466,688556,高测股份,-0.0272,22.93,-0.64,-0.0013,23.59,23.57,23.92,22.8,10914,25360000,0.0294,1.31,-0.3873,0.0475,39,847000000,3724000000,0.59,41640000,507000000
66,1467,688377,迪威尔,-0.0272,16.46,-0.46,0,16.93,16.92,16.98,16.43,3395,5636000,0.0073,0.96,0.4158,0.0325,28.9,761000000,3204000000,0.57,70320000,565000000
67,1468,603927,中科软,-0.0272,37.88,-1.06,-0.0026,38.84,38.94,38.84,37.8,23468,89720000,0.0069,1.17,0.3088,0.0239,35,12310000000,16080000000,1.08,205000000,3632000000
68,1469,600523,贵航股份,-0.0272,16.08,-0.45,-0.0012,16.6,16.53,16.6,16.08,22408,36410000,0.0055,0.77,0.4825,0.0315,39.3,6513000000,6517000000,0.41,101000000,1551000000
69,1470,688308,欧科亿,-0.0273,24.26,-0.68,-0.0044,24.87,24.94,24.87,24.19,7429,18170000,0.032,1.2,0.2485,0.0273,20.5,550000000,2419000000,1.18,77660000,495000000
70,1471,600622,光大嘉宝,-0.0273,3.21,-0.09,-0.003,3.27,3.3,3.28,3.19,61930,19990000,0.0041,1.01,0.6447,0.0273,10.7,4814000000,4814000000,0.3,298000000,3022000000
71,1472,600197,伊力特,-0.0273,24.24,-0.68,0.0012,24.85,24.92,25.1,24.2,83302,205000000,0.0178,0.99,0.7628,0.0361,30.3,11340000000,11340000000,0.8,202000000,1158000000
72,1473,688004,博汇科技,-0.0273,42.73,-1.2,-0.0043,44.48,43.93,44.48,42.53,1288,5549000,0.0095,0.67,-0.164,0.0444,34,576000000,2426000000,1.26,16070000,145000000
73,1474,600188,兖州煤业,-0.0273,9.97,-0.28,-0.001,10.2,10.25,10.2,9.94,221300,222000000,0.0075,1.46,0.5866,0.0254,6.6,29480000000,48400000000,1.51,5690000000,1.54E+11
74,1475,600292,远达环保,-0.0273,6.05,-0.17,0,6.02,6.22,6.12,5.82,219200,131000000,0.028,1.51,-0.2785,0.0482,75.5,4716000000,4716000000,0.08,57250000,2439000000
75,1476,600037,歌华有线,-0.0274,8.89,-0.25,0.0011,9.14,9.14,9.14,8.81,118600,106000000,0.0085,1.98,-0.3286,0.0361,47.4,12350000000,12350000000,0.19,151000000,1739000000
76,1477,600689,上海三毛,-0.0274,6.4,-0.18,-0.0076,6.55,6.58,6.57,6.38,6401,4134000,0.0042,1.07,0.2255,0.0289,-93.8,971000000,1282000000,-0.07,-9189000,851000000
77,1478,600302,标准股份,-0.0274,3.91,-0.11,0,4.03,4.02,4.03,3.9,15760,6188000,0.0045,1.43,0.3547,0.0323,-14.6,1353000000,1353000000,-0.27,1134000,611000000
78,1479,601788,光大证券,-0.0274,17.4,-0.49,0.0017,17.8,17.89,18.11,17.33,350600,621000000,0.0089,1.72,0.3688,0.0436,49.2,67890000000,80130000000,0.35,3310000000,10670000000
79,1480,600971,恒源煤电,-0.0274,5.68,-0.16,0.0017,5.81,5.84,5.84,5.64,129700,74110000,0.0108,1.2,0.5319,0.0342,8.3,6816000000,6816000000,0.68,409000000,3526000000
80,1481,600052,浙江广厦,-0.0274,2.84,-0.08,-0.0034,2.92,2.92,2.93,2.82,24118,6881000,0.0028,1.18,0.2561,0.0377,71,2398000000,2398000000,0.04,11250000,177000000
81,1482,601609,金田铜业,-0.0274,10.29,-0.29,0.0028,10.44,10.58,10.53,10.21,105100,109000000,0.0432,1.37,-0.0062,0.0302,25,2488000000,14970000000,0.41,360000000,31540000000
82,1483,603729,龙韵股份,-0.0274,12.76,-0.36,0,13.21,13.12,13.21,12.63,9894,12680000,0.0106,0.89,-0.4871,0.0442,-255.2,1191000000,1191000000,-0.05,5908000,438000000
83,1484,600705,中航资本,-0.0275,4.24,-0.12,0.0023,4.35,4.36,4.35,4.22,347400,148000000,0.0039,1.42,0.4527,0.0298,10.3,37680000000,37820000000,0.41,2656000000,7513000000
84,1485,600756,浪潮软件,-0.0276,15.15,-0.43,0.0006,15.56,15.58,15.58,15.1,35510,54020000,0.0109,1.93,0.5896,0.0308,-252.5,4910000000,4910000000,-0.06,-106000000,730000000
85,1486,603818,曲美家居,-0.0277,7.72,-0.22,-0.0063,7.94,7.94,7.94,7.68,38969,30350000,0.0066,5.55,0.0673,0.0327,110,4469000000,4488000000,0.07,31180000,2901000000
86,1487,600061,国投资本,-0.0277,13.67,-0.39,0.0007,13.97,14.06,14.03,13.62,215200,298000000,0.0051,1.43,0.4305,0.0292,14.2,57740000000,57740000000,0.96,3552000000,322000000
87,1488,600145,*ST新亿,-0.0278,1.05,-0.03,-0.0093,1.08,1.08,1.08,1.05,27983,2965000,0.0019,0.87,0.4996,0.0278,84.7,1566000000,1566000000,0.01,176500,9975000
88,1489,603887,城地香江,-0.0278,15.73,-0.45,0.0012,16.22,16.18,16.22,15.66,22317,35350000,0.0078,0.89,0.0741,0.0346,14.4,4509000000,5908000000,1.09,283000000,2537000000
89,1490,600291,西水股份,-0.0278,4.89,-0.14,0.002,5,5.03,5,4.88,124400,61260000,0.0114,1.85,0.3402,0.0239,-0.6,5356000000,5356000000,-8.13,-8731000000,21180000000
90,1491,605258,协和电子,-0.0279,32.45,-0.93,-0.0033,33.38,33.38,33.38,32.1,12138,39540000,0.0551,1.12,0.0189,0.0383,19.6,714000000,2856000000,1.65,62400000,428000000
91,1492,603399,吉翔股份,-0.0279,4.18,-0.12,0,4.32,4.3,4.34,4.13,33786,14160000,0.0066,1.34,-0.0554,0.0488,-6.6,2124000000,2134000000,-0.63,-150000000,1654000000
92,1493,600532,未来股份,-0.028,12.85,-0.37,0.0015,13.16,13.22,13.34,12.82,17341,22590000,0.0033,0.88,0.32,0.0393,33.8,6621000000,6621000000,0.38,5718000,2899000000
93,1494,603995,甬金股份,-0.0281,30.13,-0.87,0.0026,31.06,31,31.5,29.27,21666,64840000,0.021,1.36,0.8,0.0719,18.2,3113000000,7021000000,1.66,259000000,13620000000
94,1495,603093,南华期货,-0.0281,15.91,-0.46,0.0012,16.32,16.37,16.35,15.83,22523,36140000,0.0204,1.35,-0.1397,0.0318,142.5,1754000000,9216000000,0.11,67210000,7826000000
95,1496,601168,西部矿业,-0.0282,13.8,-0.4,0,14.01,14.2,14.01,13.55,320900,442000000,0.0134,1.17,-0.2175,0.0324,32,32830000000,32830000000,0.43,833000000,21110000000
96,1497,601166,兴业银行,-0.0282,22.75,-0.66,0.0038,23.33,23.41,23.33,22.41,930000,2110000000,0.0047,0.92,-0.0179,0.0393,7.8,4.46E+11,4.73E+11,2.9,51870000000,1.52E+11
97,1498,600933,爱柯迪,-0.0282,15.14,-0.44,-0.0026,15.58,15.58,15.67,14.98,16482,25180000,0.0019,1.75,-0.6152,0.0443,32.2,12940000000,13030000000,0.47,253000000,1743000000
98,1499,601990,南京证券,-0.0283,11.35,-0.33,0.0034,11.62,11.68,11.68,11.26,237700,273000000,0.0115,2.04,0.5319,0.036,47.2,23350000000,41760000000,0.24,715000000,1898000000
99,1500,600271,航天信息,-0.0283,12.38,-0.36,0.0039,12.77,12.74,12.78,12.28,78871,98230000,0.0042,1.82,-0.4298,0.0392,50.5,22930000000,22930000000,0.25,176000000,10860000000
100,1501,600339,中油工程,-0.0283,2.75,-0.08,0,2.82,2.83,2.82,2.74,219700,60950000,0.0039,1.75,0.1939,0.0283,15.1,15350000000,15350000000,0.18,626000000,44930000000
101,1502,603950,长源东谷,-0.0283,20.58,-0.6,0,21,21.18,21.17,20.58,9516,19800000,0.0162,1.12,0.2192,0.0269,10.6,1194000000,4776000000,1.95,217000000,1211000000
102,1503,600742,一汽富维,-0.0283,9.26,-0.27,-0.001,9.5,9.53,9.5,9.23,58510,54490000,0.0087,2.14,0.5801,0.0283,9.6,6196000000,6196000000,0.96,408000000,13580000000
103,1504,600606,绿地控股,-0.0283,5.83,-0.17,0,5.96,6,5.97,5.82,265600,156000000,0.0022,0.86,0.6457,0.025,4.7,70810000000,70810000000,1.23,12040000000,3.21E+11
104,1505,600583,海油工程,-0.0285,4.43,-0.13,0,4.54,4.56,4.55,4.41,163800,73070000,0.0037,1.95,0.5557,0.0307,26.1,19580000000,19580000000,0.17,79600000,11870000000
105,1506,601677,明泰铝业,-0.0285,14.31,-0.42,0.002,14.66,14.73,14.72,14.16,120100,172000000,0.0187,1.21,0.4042,0.038,9.4,9166000000,9464000000,1.52,718000000,11520000000
106,1507,600655,豫园股份,-0.0285,11.58,-0.34,-0.0008,11.78,11.92,12.05,11.55,393000,461000000,0.0243,0.96,0.4896,0.0419,12.6,18620000000,45040000000,0.92,1588000000,29060000000
107,1508,688215,瑞晟智能,-0.0285,41.21,-1.21,0,42.25,42.42,42.35,41.15,1030,4289000,0.0114,0.77,0.1178,0.0283,-73.6,374000000,1650000000,-0.56,19390000,101000000
108,1509,600173,卧龙地产,-0.0286,4.76,-0.14,-0.002,4.9,4.9,4.9,4.76,12770,6158000,0.0018,1.4,-0.0988,0.0286,8.5,3334000000,3337000000,0.56,205000000,948000000
109,1510,600653,申华控股,-0.0286,1.7,-0.05,0,1.73,1.75,1.74,1.69,80914,13830000,0.0042,1.88,0.1629,0.0286,-12.6,3309000000,3309000000,-0.14,-35030000,5009000000
110,1511,600490,鹏欣资源,-0.0286,4.07,-0.12,0.0048,4.17,4.19,4.18,4.01,217000,88510000,0.0129,1.55,0.4676,0.0406,535.5,6832000000,9006000000,0.01,66720000,6426000000
111,1512,688596,正帆科技,-0.0289,16.83,-0.5,-0.0012,17.29,17.33,17.31,16.73,10809,18290000,0.0198,1.02,-0.4439,0.0335,27.6,914000000,4317000000,0.61,46180000,675000000
112,1513,688196,卓越新能,-0.0289,54.17,-1.61,0.002,55.88,55.78,55.98,53.73,4594,25040000,0.0157,1.63,0.7796,0.0403,26.9,1581000000,6493000000,2.01,193000000,1203000000
113,1514,688058,宝兰德,-0.0289,80,-2.38,-0.0011,82.95,82.38,82.95,80,1546,12510000,0.0071,1.14,-0.2346,0.0358,55.9,1747000000,3200000000,1.43,1006000,73190000
114,1515,600745,闻泰科技,-0.0289,124.01,-3.69,0.004,127,127.7,131.37,121.95,209000,2629000000,0.0255,1.32,0.1368,0.0738,42.6,1.01E+11,1.54E+11,2.9,2259000000,38620000000
115,1516,603161,科华控股,-0.029,16.43,-0.49,0.0006,16.93,16.92,16.93,16.33,9985,16480000,0.0075,0.49,0.7268,0.0355,-328.4,2190000000,2190000000,-0.05,-16560000,1127000000
116,1517,688030,山石网科,-0.029,37.54,-1.12,-0.0026,39.17,38.66,39.25,37.52,6865,26300000,0.0073,1.35,0.8858,0.0447,186.7,3515000000,6767000000,0.2,-46980000,416000000
117,1518,688698,伟创电气,-0.029,16.39,-0.49,-0.0047,16.72,16.88,16.88,16.36,18695,31000000,0.0508,1.1,0.5989,0.0308,38.1,600000000,2950000000,0.43,73960000,419000000
118,1519,603650,彤程新材,-0.0291,31.74,-0.95,-0.0052,32.87,32.69,33.16,31.73,17872,57780000,0.0135,0.87,-0.8093,0.0428,56.7,4174000000,18610000000,0.56,329000000,1500000000
119,1520,600796,钱江生化,-0.0291,5.01,-0.15,0.0019,5.13,5.16,5.16,4.9,44099,22130000,0.0146,1.04,0.6523,0.0504,71.6,1510000000,1510000000,0.07,-8678000,277000000
120,1521,600811,东方集团,-0.0291,3.34,-0.1,-0.0029,3.45,3.44,3.45,3.31,280700,94150000,0.0075,2.44,0.4864,0.0407,20.9,12370000000,12370000000,0.16,478000000,11120000000
121,1522,603982,泉峰汽车,-0.0291,16.03,-0.48,-0.0006,16.55,16.51,16.6,15.95,24066,38900000,0.0295,1.26,0.5073,0.0394,29.2,1307000000,3234000000,0.55,62720000,910000000
122,1523,600300,维维股份,-0.0293,3.98,-0.12,-0.0024,4.07,4.1,4.1,3.97,248300,99890000,0.0148,1.12,0.4355,0.0317,21.6,6655000000,6655000000,0.18,316000000,3883000000
123,1524,603661,恒林股份,-0.0293,60.91,-1.84,-0.0008,62.3,62.75,63.48,60.09,10014,61790000,0.0348,1.52,0.1818,0.054,18.6,1751000000,6090000000,3.27,302000000,3226000000
124,1525,600272,开开实业,-0.0294,6.94,-0.21,0,7.06,7.15,7.13,6.93,14527,10180000,0.009,1.73,-0.7117,0.028,138.8,1110000000,1686000000,0.05,5486000,588000000
125,1526,603678,火炬电子,-0.0294,75.8,-2.3,-0.0012,76.7,78.1,78.1,75.56,43910,337000000,0.0095,0.79,-0.5385,0.0325,66.4,34800000000,34800000000,1.14,425000000,2474000000
126,1527,600209,ST罗顿,-0.0295,3.95,-0.12,-0.0049,4.02,4.07,4.09,3.95,11187,4492000,0.0024,0.76,-0.1468,0.0295,-41.7,1743000000,1743000000,-0.1,-17260000,20280000
127,1528,603517,绝味食品,-0.0295,80.94,-2.46,-0.0018,84.28,83.4,84.28,79.8,37080,301000000,0.0061,1.17,-0.2893,0.0537,69.2,49260000000,49260000000,1.17,520000000,3885000000
128,1529,688001,华兴源创,-0.0296,37.4,-1.14,0,38.28,38.54,38.5,37.25,6063,22930000,0.0158,1.14,-0.2034,0.0324,71.9,1438000000,16400000000,0.52,227000000,1192000000
129,1530,601577,长沙银行,-0.0296,9.17,-0.28,0.0021,9.4,9.45,9.46,9.13,159100,147000000,0.0159,1.22,0.7761,0.0349,6.1,9097000000,31270000000,1.51,4248000000,13110000000
130,1531,600467,好当家,-0.0296,2.62,-0.08,-0.0037,2.67,2.7,2.68,2.6,171500,45120000,0.0117,1.53,0.6031,0.0296,57.3,3828000000,3828000000,0.05,54450000,991000000
131,1532,688618,三旺通信,-0.0297,52.88,-1.62,-0.002,54,54.5,55,52.72,6497,34840000,0.0599,1.01,-0.372,0.0418,29.5,567000000,2664000000,1.79,48320000,144000000
132,1533,603015,弘讯科技,-0.0298,5.87,-0.18,0,6.02,6.05,6.05,5.87,17274,10200000,0.0043,1.48,0.6241,0.0298,36.7,2373000000,2373000000,0.16,46780000,521000000
133,1534,601611,中国核建,-0.0298,7.81,-0.24,0.0012,8,8.05,8.01,7.77,215300,169000000,0.0082,0.89,0.1222,0.0298,20,20500000000,20690000000,0.39,950000000,53240000000
134,1535,601011,宝泰隆,-0.0299,3.9,-0.12,0.0025,4,4.02,4.01,3.84,262300,102000000,0.0163,1.1,0.1015,0.0423,464.3,6259000000,6259000000,0.01,13500000,1738000000
135,1536,605168,三人行,-0.0299,178.99,-5.52,0.0024,183.31,184.51,183.83,178,3684,66290000,0.0213,1.47,-0.3514,0.0316,34.2,3083000000,12440000000,5.22,183000000,1837000000
136,1537,600093,易见股份,-0.0299,7.78,-0.24,0.0037,8.02,8.02,8.05,7.73,75608,59250000,0.0067,1.22,0.1581,0.0399,23.9,8721000000,8721000000,0.33,256000000,6578000000
137,1538,688518,联赢激光,-0.0299,13.93,-0.43,-0.0028,14.38,14.36,14.5,13.9,6620,9356000,0.0092,1,0.2376,0.0418,278.8,991000000,4171000000,0.05,12910000,478000000
138,1539,688157,松井股份,-0.03,97.1,-3,0.0002,99.26,100.1,99.98,96.19,3887,37940000,0.0205,0.74,0.2624,0.0379,67,1836000000,7729000000,1.45,64820000,317000000
139,1540,600970,中材国际,-0.03,7.12,-0.22,0.0041,7.31,7.34,7.32,7.06,225800,162000000,0.0129,1.5,0.5691,0.0354,8.4,12370000000,12370000000,0.85,1027000000,15660000000
140,1541,688218,江苏北人,-0.03,16.48,-0.51,-0.0012,16.97,16.99,16.97,16.46,3333,5543000,0.004,0.92,-0.0092,0.03,23.5,1371000000,1934000000,0.7,13610000,262000000
141,1542,600764,中国海防,-0.03,31.96,-0.99,-0.0012,32.81,32.95,32.81,31.95,22700,73390000,0.0054,1.09,0.5901,0.0252,21.1,13330000000,22720000000,1.51,363000000,2795000000
142,1543,600219,南山铝业,-0.0301,3.55,-0.11,0.0027,3.62,3.66,3.65,3.52,1213000,434000000,0.0101,0.89,0.7111,0.0355,23.5,42180000000,42180000000,0.15,1414000000,15600000000
143,1544,688585,上纬新材,-0.0301,10.97,-0.34,0.0018,11.31,11.31,11.39,10.9,15714,17460000,0.0402,1.27,0.5787,0.0433,22.4,428000000,4423000000,0.49,99860000,1311000000
144,1545,600362,江西铜业,-0.0301,22.23,-0.69,0.0057,22.45,22.92,22.69,21.93,379600,847000000,0.0182,1.42,0.0951,0.0332,40.3,46050000000,76830000000,0.55,1532000000,2.27E+11
145,1546,600058,五矿发展,-0.0301,7.08,-0.22,0.0014,7.42,7.3,7.43,7,235300,168000000,0.0219,4.33,0.3223,0.0589,58.1,7589000000,7589000000,0.12,248000000,48880000000
146,1547,600721,ST百花,-0.0301,3.54,-0.11,-0.0055,3.62,3.65,3.62,3.54,4298,1533000,0.0012,1.24,0.4071,0.0219,-24.4,1277000000,1328000000,-0.14,-41880000,81620000
147,1548,688500,慧辰资讯,-0.0302,37.63,-1.17,0,38.8,38.8,38.8,37.32,2895,10950000,0.0164,1.09,0.5152,0.0381,38.8,664000000,2795000000,0.97,17930000,227000000
148,1549,600410,华胜天成,-0.0302,8.03,-0.25,0.0012,8.29,8.28,8.29,7.99,126200,102000000,0.0115,1.62,0.5814,0.0362,416.1,8823000000,8823000000,0.02,128000000,2557000000
149,1550,603066,音飞储存,-0.0302,7.7,-0.24,0,7.9,7.94,7.91,7.7,12553,9750000,0.0042,1.36,0.0015,0.0264,27.8,2315000000,2315000000,0.28,77240000,453000000
150,1551,603379,三美股份,-0.0302,16.67,-0.52,0,17.19,17.19,17.2,16.63,14396,24150000,0.0074,1.77,0.6667,0.0332,40.7,3218000000,10170000000,0.41,213000000,2133000000
151,1552,688166,博瑞医药,-0.0303,48.07,-1.5,-0.001,48.76,49.57,49.29,47.85,19528,94940000,0.0108,1.47,0.0798,0.029,112.3,8717000000,19800000000,0.43,122000000,510000000
152,1553,600122,*ST宏图,-0.0303,0.96,-0.03,0,0.99,0.99,0.99,0.94,116400,11170000,0.01,1.78,0.3887,0.0505,-0.4,1112000000,1112000000,-2.17,-422000000,1994000000
153,1554,603619,中曼石油,-0.0303,8.31,-0.26,0,8.56,8.57,8.56,8.3,25125,21030000,0.0063,1.12,0.202,0.0303,-10.9,3320000000,3320000000,-0.76,-279000000,1217000000
154,1555,688313,仕佳光子,-0.0304,21.7,-0.68,-0.0009,22.08,22.38,22.37,21.62,7846,17160000,0.0189,0.72,-0.1023,0.0335,232.7,904000000,9984000000,0.09,36410000,500000000
155,1556,603006,联明股份,-0.0304,9.25,-0.29,-0.001,9.54,9.54,9.54,9.21,12698,11860000,0.0066,1.83,0.5549,0.0346,28,1767000000,1767000000,0.33,60760000,580000000
156,1557,600123,兰花科创,-0.0304,5.1,-0.16,-0.0019,5.25,5.26,5.25,5.08,90896,46780000,0.0079,1.67,0.2651,0.0323,34.7,5826000000,5826000000,0.15,245000000,4773000000
157,1558,605169,洪通燃气,-0.0305,20.03,-0.63,-0.001,20.63,20.66,20.63,19.95,15676,31650000,0.0392,1.44,-0.1436,0.0329,15,801000000,3205000000,1.33,85530000,533000000
158,1559,601628,中国人寿,-0.0306,38.38,-1.21,0,39.31,39.59,39.5,38.35,178900,695000000,0.0009,1.23,0.5091,0.029,22.9,7.99E+11,1.09万亿,1.68,47070000000,6.92E+11
159,1560,688129,东来技术,-0.0306,18.08,-0.57,-0.0038,18.55,18.65,18.78,17.93,10911,19960000,0.0399,1.15,-0.0717,0.0456,19.9,494000000,2171000000,0.91,54800000,281000000
160,1561,603683,晶华新材,-0.0306,13.62,-0.43,0.0043,13.81,14.05,13.94,13.44,22025,30020000,0.0173,0.99,-0.8358,0.0356,48.5,1720000000,1720000000,0.28,34090000,699000000
161,1562,600048,保利地产,-0.0307,14.85,-0.47,-0.0013,15.16,15.32,15.17,14.83,797100,1192000000,0.0066,1.31,0.7542,0.0222,6.2,1.78E+11,1.78E+11,2.38,13200000000,1.17E+11
162,1563,600218,全柴动力,-0.0308,8.51,-0.27,0.0011,8.74,8.78,8.77,8.47,53317,45640000,0.0144,1.95,0.6514,0.0342,21.3,3138000000,3138000000,0.4,121000000,3330000000
163,1564,600543,莫高股份,-0.031,7.82,-0.25,0.0025,8,8.07,8.13,7.75,102100,80370000,0.0317,0.76,0.6709,0.0471,390,2505000000,2505000000,0.02,-6847000,73790000
164,1565,605388,均瑶健康,-0.0311,19.62,-0.63,0.001,20.2,20.25,20.2,19.57,26413,52310000,0.0377,1.02,0.3757,0.0311,23.3,1373000000,8432000000,0.84,197000000,710000000
165,1566,601898,中煤能源,-0.0311,4.36,-0.14,-0.0022,4.5,4.5,4.5,4.35,206800,91040000,0.0023,0.9,0.526,0.0333,14.5,39900000000,57800000000,0.3,4154000000,1.00E+11
166,1567,601939,建设银行,-0.0312,6.53,-0.21,0.0015,6.71,6.74,6.74,6.51,1234000,814000000,0.0128,1.18,0.6937,0.0341,6.7,62640000000,1.63万亿,0.97,2.06E+11,5.71E+11
167,1568,603863,松炀资源,-0.0312,10.26,-0.33,0.0019,10.42,10.59,10.5,10.16,53369,55020000,0.0491,1.05,-0.1796,0.0321,27.8,1117000000,2117000000,0.37,50820000,341000000
168,1569,603299,苏盐井神,-0.0312,7.46,-0.24,-0.0026,7.79,7.7,7.79,7.38,114100,85460000,0.0204,0.75,0.0585,0.0532,30.5,4173000000,5777000000,0.24,163000000,2864000000
169,1570,600850,华东电脑,-0.0312,26.4,-0.85,-0.0007,27.23,27.25,27.38,26.26,31520,83840000,0.0074,1.43,-0.0562,0.0411,36.7,11260000000,11260000000,0.72,247000000,5202000000
170,1571,601969,海南矿业,-0.0312,5.28,-0.17,0.0037,5.46,5.45,5.48,5.22,55153,29280000,0.0028,1.61,-0.2521,0.0477,131.8,10300000000,10300000000,0.04,63310000,1996000000
171,1572,603022,新通联,-0.0312,10.55,-0.34,0,10.88,10.89,10.88,10.48,7322,7751000,0.0037,0.99,-0.0062,0.0367,65.9,2110000000,2110000000,0.16,27520000,464000000
172,1573,600982,宁波能源,-0.0313,3.1,-0.1,0.0031,3.19,3.2,3.19,3.07,146600,45780000,0.0195,1.34,0.1624,0.0375,21.2,2315000000,3465000000,0.15,149000000,3488000000
173,1574,600395,盘江股份,-0.0314,7.71,-0.25,0.0025,7.94,7.96,7.94,7.64,76401,59270000,0.0046,1.1,0.8761,0.0377,16,12740000000,12740000000,0.48,600000000,4822000000
174,1575,688551,科威尔,-0.0314,30.22,-0.98,-0.0019,31.16,31.2,31.2,30.03,3185,9702000,0.0171,1.01,-0.7622,0.0375,36,550000000,2416000000,0.84,35350000,116000000
175,1576,688378,奥来德,-0.0314,51.47,-1.67,-0.0058,53.96,53.14,53.96,51.09,1815,9370000,0.0121,0.85,-0.3363,0.054,34.1,770000000,3764000000,1.51,35550000,174000000
176,1577,688510,航亚科技,-0.0316,29.46,-0.96,-0.0033,30.12,30.42,30.6,29.24,22789,68000000,0.0461,1.67,0.1914,0.0447,135.4,1458000000,7617000000,0.22,39440000,221000000
177,1578,600322,天房发展,-0.0317,2.14,-0.07,0,2.2,2.21,2.21,2.13,76050,16450000,0.0069,1.13,-0.0439,0.0362,-50.7,2366000000,2366000000,-0.04,30510000,1947000000
178,1579,600255,*ST鑫科,-0.0317,1.83,-0.06,-0.0053,1.89,1.89,1.89,1.82,120400,22170000,0.0067,1.55,0.2794,0.037,-3.2,3238000000,3238000000,-0.57,73200000,2388000000
179,1580,600090,*ST济堂,-0.0317,1.22,-0.04,0.0079,1.25,1.26,1.26,1.21,136200,16690000,0.0094,1.54,-0.3526,0.0397,13.6,1756000000,1756000000,0.09,15650000,2635000000
180,1581,600961,株冶集团,-0.0319,6.38,-0.21,0,6.59,6.59,6.59,6.37,43036,27770000,0.0081,1.87,0.9065,0.0334,31.9,3370000000,3370000000,0.2,167000000,11220000000
181,1582,603688,石英股份,-0.0319,20.02,-0.66,-0.0044,20.57,20.68,20.59,19.98,26552,53670000,0.0074,1.32,0.4494,0.0295,34.5,7066000000,7066000000,0.58,149000000,470000000
182,1583,600439,瑞贝卡,-0.032,2.42,-0.08,0,2.49,2.5,2.51,2.41,101300,24650000,0.0089,1.11,0.5041,0.04,73.3,2739000000,2739000000,0.03,9555000,844000000
183,1584,600150,中国船舶,-0.0321,17.81,-0.59,0,18.37,18.4,18.38,17.71,117400,211000000,0.0085,1.81,0.1863,0.0364,68.2,24540000000,79650000000,0.26,163000000,37460000000
184,1585,600383,金地集团,-0.0321,12.07,-0.4,0.0008,12.36,12.47,12.37,12.03,277400,338000000,0.0061,0.96,0.3897,0.0273,5.6,54530000000,54530000000,2.14,4992000000,40200000000
185,1586,600785,新华百货,-0.0322,12.04,-0.4,-0.0008,12.3,12.44,12.3,12.03,4705,5695000,0.0021,1.48,-0.0212,0.0217,58.8,2717000000,2717000000,0.2,33990000,5585000000
186,1587,600667,太极实业,-0.0322,9.31,-0.31,0,9.63,9.62,9.67,9.3,197800,187000000,0.0093,1.4,0.8714,0.0385,27.4,19600000000,19600000000,0.34,520000000,12610000000
187,1588,601138,工业富联,-0.0323,14.7,-0.49,0.0039,15.09,15.19,15.1,14.44,522500,764000000,0.018,1.39,-0.1151,0.0434,17.1,42560000000,2.92E+11,0.86,8805000000,2.83E+11
188,1589,600715,文投控股,-0.0323,2.1,-0.07,0,2.16,2.17,2.16,2.09,32025,6793000,0.0017,0.92,-0.0835,0.0323,-4.7,3895000000,3895000000,-0.45,-788000000,282000000
189,1590,603290,斯达半导,-0.0323,245.49,-8.2,0.004,253.7,253.69,256.2,239.05,22005,542000000,0.0549,1.52,0.3997,0.0676,216.8,9799000000,39190000000,1.13,134000000,668000000
190,1591,688508,芯朋微,-0.0323,82,-2.74,0.0002,84.74,84.74,84.74,81.81,11583,95740000,0.0431,1.37,0.4122,0.0346,89,2194000000,9238000000,0.92,59260000,280000000
191,1592,600030,中信证券,-0.0324,30.16,-1.01,0.0006,30.8,31.17,31.09,30.08,1354000,4144000000,0.0137,1.38,-0.2776,0.0324,26.7,2.96E+11,3.90E+11,1.13,12660000000,41990000000
192,1593,603186,华正新材,-0.0324,31.63,-1.06,0.0015,32.5,32.69,32.5,31.56,17044,54530000,0.0121,0.9,-0.7685,0.0288,36,4438000000,4499000000,0.88,92940000,1564000000
193,1594,688200,华峰测控,-0.0325,423.05,-14.2,0.0018,432,437.25,437.86,412,4809,202000000,0.0338,0.94,0.5378,0.0591,91,6008000000,25830000000,4.64,137000000,293000000
194,1595,600389,江山股份,-0.0325,21.7,-0.73,-0.0004,22.32,22.43,22.32,21.6,17839,39070000,0.0059,1.17,-0.7432,0.0321,20.9,6445000000,6445000000,1.04,261000000,3768000000
195,1596,600559,老白干酒,-0.0326,28.53,-0.96,-0.0007,29.4,29.49,29.7,28.34,351600,1016000000,0.04,1.02,0.0308,0.0461,69.4,24950000000,25530000000,0.41,233000000,2497000000
196,1597,603727,博迈科,-0.0326,15.13,-0.51,-0.0026,15.37,15.64,15.55,15.01,12909,19660000,0.0055,1.44,0.427,0.0345,39.8,3543000000,3543000000,0.38,79240000,1649000000
197,1598,601600,中国铝业,-0.0326,3.56,-0.12,0,3.64,3.68,3.66,3.54,1104000,397000000,0.0084,1.61,0.2014,0.0326,273.8,46560000000,60600000000,0.01,452000000,1.33E+11
198,1599,600429,三元股份,-0.0329,4.7,-0.16,-0.0041,4.82,4.86,4.84,4.68,85369,40490000,0.0057,2.33,0.3473,0.0329,-60.1,7009000000,7009000000,-0.08,-46460000,5421000000
199,1600,603258,电魂网络,-0.033,29.92,-1.02,-0.0019,30.94,30.94,30.94,29.81,30500,92230000,0.0126,1.47,0.781,0.0365,18.1,7219000000,7422000000,1.65,310000000,737000000
200,1601,601878,浙商证券,-0.033,13.78,-0.47,0.0014,14.12,14.25,14.17,13.71,391700,546000000,0.0108,2.26,0.7301,0.0323,36.3,49800000000,49800000000,0.38,1027000000,7091000000
201,1602,600845,宝信软件,-0.033,63.9,-2.18,0,66.07,66.08,66.78,63.76,42134,274000000,0.005,1.48,0.6788,0.0457,58.1,53570000000,73720000000,1.1,968000000,5704000000
202,1603,688208,道通科技,-0.0331,74.45,-2.55,0,77.2,77,77.2,73.58,2917,21900000,0.0061,0.62,0.4589,0.047,48,3574000000,33500000000,1.55,319000000,1073000000
203,1604,600741,华域汽车,-0.0333,30.21,-1.04,0.0016,30.99,31.25,31,29.96,111200,337000000,0.0035,1.02,0.3053,0.0333,20.5,95210000000,95210000000,1.47,3102000000,91720000000
204,1605,603068,博通集成,-0.0333,81.32,-2.8,0.0052,84.51,84.12,85.6,80.67,11753,96840000,0.0125,1.11,-0.4063,0.0586,75.9,7648000000,12210000000,1.07,57960000,559000000
205,1606,605123,派克新材,-0.0334,69.75,-2.41,-0.0024,72.08,72.16,72.1,69.7,5799,41020000,0.0215,1.02,-0.2143,0.0333,34.9,1885000000,7538000000,2,122000000,730000000
206,1607,600990,四创电子,-0.0336,46.08,-1.6,-0.0013,47.57,47.68,47.57,45.91,11329,52560000,0.0071,1.59,0.1912,0.0348,67.6,7335000000,7335000000,0.68,-75260000,1058000000
207,1608,603106,恒银科技,-0.0336,6.91,-0.24,-0.0014,7.11,7.15,7.11,6.9,19929,13910000,0.005,1.59,0.8069,0.0294,-2661.5,2771000000,2771000000,0,11820000,627000000
208,1609,601101,昊华能源,-0.0336,3.74,-0.13,0,3.85,3.87,3.85,3.72,71325,26840000,0.0059,1.12,0.8108,0.0336,-19.7,4488000000,4488000000,-0.19,103000000,3098000000
209,1610,688037,芯源微,-0.0336,101.21,-3.52,0.0002,104,104.73,105.99,98.47,11139,113000000,0.0251,0.96,0.7385,0.0718,102.1,4482000000,8489000000,0.99,44680000,212000000
210,1611,601066,中信建投,-0.0337,40.18,-1.4,-0.0017,41.41,41.58,41.5,40.17,227400,929000000,0.0171,1.36,-0.5927,0.031,36.2,52870000000,3.12E+11,1.11,7491000000,15850000000
211,1612,603979,金诚信,-0.0337,12.04,-0.42,-0.0016,12.45,12.46,12.45,12,77300,93850000,0.0132,0.61,0.9466,0.0361,20.1,7024000000,7024000000,0.6,276000000,2770000000
212,1613,603138,海量数据,-0.0337,12.89,-0.45,-0.0015,13.35,13.34,13.39,12.78,15422,20000000,0.0061,1.48,0.0304,0.0457,64.1,3257000000,3257000000,0.2,19960000,292000000
213,1614,600569,安阳钢铁,-0.0338,2.29,-0.08,0,2.35,2.37,2.36,2.28,212400,49010000,0.0089,1.26,0.4467,0.0338,-53.5,5505000000,6607000000,-0.04,18220000,22630000000
214,1615,688333,铂力特,-0.034,136.39,-4.8,0.0006,141,141.19,141,135.3,6788,92900000,0.0153,1.92,-0.4798,0.0404,262.3,6054000000,10910000000,0.52,-13080000,132000000
215,1616,600157,ST永泰,-0.034,1.42,-0.05,0,1.45,1.47,1.47,1.41,1515000,217000000,0.0068,2.42,0.1095,0.0408,83.9,31320000000,31320000000,0.02,198000000,15730000000
216,1617,688006,杭可科技,-0.0341,79.14,-2.79,0.0022,81.95,81.93,82.04,78.07,14222,113000000,0.013,1.01,0.5611,0.0485,102.9,8656000000,31770000000,0.77,308000000,1030000000
217,1618,688299,长阳科技,-0.0341,23.8,-0.84,0,24.64,24.64,24.68,23.55,18743,44670000,0.0084,1.82,0.5271,0.0459,36.1,5308000000,6736000000,0.66,135000000,736000000
218,1619,600854,春兰股份,-0.0341,3.4,-0.12,0,3.49,3.52,3.5,3.38,32710,11210000,0.0063,2.68,0.3045,0.0341,46.6,1766000000,1766000000,0.07,54120000,203000000
219,1620,688168,安博通,-0.0341,52.11,-1.84,-0.0017,53.9,53.95,53.9,52.08,2549,13420000,0.0091,1.38,-0.1825,0.0337,38.3,1461000000,2667000000,1.36,8251000,130000000
220,1621,601137,博威合金,-0.0341,11.32,-0.4,0.0009,11.74,11.72,11.79,11.24,101400,116000000,0.014,1.39,0.4983,0.0469,16.1,8129000000,8920000000,0.7,353000000,5632000000
221,1622,600640,号百控股,-0.0341,11.6,-0.41,0,12.01,12.01,12.1,11.58,26829,31440000,0.0034,1.27,0.4291,0.0433,-88.7,9230000000,9230000000,-0.13,-158000000,2533000000
222,1623,603118,共进股份,-0.0341,9.9,-0.35,0,10.25,10.25,10.25,9.9,55145,55070000,0.0071,2.26,0.5594,0.0341,22.5,7680000000,7680000000,0.44,298000000,6237000000
223,1624,600966,博汇纸业,-0.0342,14.95,-0.53,-0.0006,15.55,15.48,15.7,14.91,179200,273000000,0.0134,0.86,0.4924,0.051,38.1,19970000000,19970000000,0.39,527000000,9327000000
224,1625,688186,广大特材,-0.0343,31.57,-1.12,-0.0003,32.55,32.69,32.61,31.31,11162,35440000,0.0277,1.74,-0.2968,0.0398,15.5,1273000000,5204000000,2.04,139000000,1319000000
225,1626,605008,长鸿高科,-0.0343,30.41,-1.08,-0.0117,31.19,31.49,31.81,29.88,48101,148000000,0.1044,1.27,-0.4979,0.0613,58.6,1401000000,13970000000,0.52,157000000,884000000
226,1627,603959,百利科技,-0.0344,10.4,-0.37,-0.0028,10.7,10.77,10.73,10.34,22545,23580000,0.0046,0.74,0.6715,0.0362,-7.1,5099000000,5099000000,-1.46,50000000,1080000000
227,1628,688007,光峰科技,-0.0345,19.33,-0.69,0.0005,20,20.02,20,19.25,9669,18830000,0.0034,0.64,0.5905,0.0375,80.7,5485000000,8765000000,0.24,44130000,1238000000
228,1629,600117,西宁特钢,-0.0345,3.36,-0.12,0.0057,3.44,3.48,3.45,3.33,74899,25300000,0.0071,1.48,0.4364,0.0345,168,3512000000,3512000000,0.02,9529000,6891000000
229,1630,688135,利扬芯片,-0.0346,37.65,-1.35,-0.0028,38.8,39,39.2,37.6,10895,41510000,0.0393,1.04,-0.2855,0.041,61.9,1046000000,5150000000,0.61,30580000,176000000
230,1631,600792,云煤能源,-0.0347,3.62,-0.13,-0.0027,4.01,3.75,4.07,3.6,417700,161000000,0.0421,5.72,0.4716,0.1253,90.8,3593000000,3593000000,0.04,12220000,3406000000
231,1632,600759,洲际油气,-0.0349,1.66,-0.06,0,1.7,1.72,1.7,1.62,313600,51960000,0.0139,2.16,0.1713,0.0465,-22.3,3703000000,3712000000,-0.07,-184000000,1237000000
232,1633,603918,金桥信息,-0.0349,9.4,-0.34,0,9.75,9.74,9.79,9.35,11821,11210000,0.0051,1.97,0.6313,0.0452,29.9,2185000000,2209000000,0.31,38150000,529000000
233,1634,600496,精工钢构,-0.0349,5.25,-0.19,-0.0037,5.41,5.44,5.49,5.24,263300,141000000,0.0174,1.17,0.5742,0.046,16.8,7945000000,10580000000,0.31,489000000,7760000000
234,1635,688288,鸿泉物联,-0.035,33.38,-1.21,0,34.33,34.59,34.5,33,5873,19800000,0.0114,1,-0.7819,0.0434,42.7,1710000000,3332000000,0.78,54820000,303000000
235,1636,688318,财富趋势,-0.0351,201.66,-7.34,0.0017,206.09,209,207.42,200.09,6739,137000000,0.0404,1.45,0.0678,0.0351,36.3,3358000000,13440000000,5.55,122000000,141000000
236,1637,600773,西藏城投,-0.0352,8.78,-0.32,0.0033,8.93,9.1,9,8.53,349200,304000000,0.0467,1.25,-0.3638,0.0516,67.7,6566000000,7213000000,0.13,71200000,978000000
237,1638,603232,格尔软件,-0.0352,21.37,-0.78,-0.0018,22.28,22.15,22.28,21.34,15874,34390000,0.0091,1.29,0.0142,0.0415,48.5,3678000000,4125000000,0.44,-33730000,176000000
238,1639,688023,安恒信息,-0.0353,275.49,-10.07,0.0016,286.76,285.56,289,269.01,6014,166000000,0.0116,1.83,0.8742,0.07,142.7,14150000000,20290000000,1.92,-33640000,660000000
239,1640,600549,厦门钨业,-0.0353,17.5,-0.64,0.0077,18.6,18.14,18.6,17.19,739400,1308000000,0.0525,3.01,-0.3463,0.0777,47.3,24560000000,24780000000,0.37,369000000,12820000000
240,1641,600372,中航电子,-0.0353,19.95,-0.73,-0.0005,20.55,20.68,20.66,19.81,180400,364000000,0.0093,1.32,0.3508,0.0411,52.5,38440000000,38440000000,0.38,415000000,5813000000
241,1642,688158,优刻得,-0.0355,40.8,-1.5,-0.0012,42.27,42.3,42.27,40.45,15763,64780000,0.005,1.83,-0.4114,0.043,-110.3,12840000000,17230000000,-0.37,-179000000,1638000000
242,1643,603189,网达软件,-0.0355,17.67,-0.65,-0.0011,18.18,18.32,18.36,17.64,17119,30510000,0.0077,1.73,0.9065,0.0393,65.5,3906000000,3906000000,0.27,48360000,235000000
243,1644,601702,华峰铝业,-0.0356,7.05,-0.26,0.0041,7.14,7.31,7.27,7.01,138400,98300000,0.0554,1.52,0.6807,0.0356,28.1,1755000000,7020000000,0.25,153000000,2698000000
244,1645,600531,豫光金铅,-0.0356,5.14,-0.19,0,5.25,5.33,5.28,5.12,260700,135000000,0.0239,2.02,0.3785,0.03,14.7,5593000000,5593000000,0.35,243000000,12750000000
245,1646,600206,有研新材,-0.0357,13.5,-0.5,0,13.94,14,13.94,13.43,233100,318000000,0.0276,1.99,0.5249,0.0364,61.8,11370000000,11410000000,0.22,149000000,8730000000
246,1647,600758,辽宁能源,-0.0357,2.97,-0.11,-0.0065,3.06,3.08,3.07,2.96,115900,34810000,0.0088,1.65,0.5194,0.0357,-9.6,3923000000,3926000000,-0.31,-429000000,4293000000
247,1648,688078,龙软科技,-0.0359,23.66,-0.88,-0.0016,24.35,24.54,24.52,23.63,4010,9550000,0.0117,1.53,-0.2612,0.0363,19,808000000,1677000000,1.25,25800000,121000000
248,1649,600228,ST昌九,-0.036,8.84,-0.33,-0.0022,9.2,9.17,9.25,8.77,17973,16070000,0.0074,1.1,0.4204,0.0523,-375.7,2131000000,2131000000,-0.02,-3820000,249000000
249,1650,600172,黄河旋风,-0.0362,2.93,-0.11,-0.0033,3.03,3.04,3.05,2.93,94534,28050000,0.0076,1.49,0.202,0.0395,-32.1,3587000000,4226000000,-0.09,-115000000,1911000000
250,1651,603208,江山欧派,-0.0364,105.97,-4,0.0025,109,109.97,109.97,104.88,7560,80770000,0.0072,1.31,0.2903,0.0463,26.6,11110000000,11110000000,3.98,312000000,2022000000
251,1652,603990,麦迪科技,-0.0365,31.94,-1.21,0.0009,33.22,33.15,33.4,31.88,11144,35980000,0.0077,1.34,0.1648,0.0459,96.9,4655000000,5290000000,0.33,1767000,170000000
252,1653,600262,北方股份,-0.0365,16.63,-0.63,-0.0012,17.14,17.26,17.25,16.5,7255,12140000,0.0043,1.26,0.4513,0.0435,45.9,2827000000,2827000000,0.36,43910000,792000000
253,1654,600720,祁连山,-0.0365,13.18,-0.5,-0.0015,13.63,13.68,13.66,13.15,194400,259000000,0.025,2.03,0.6969,0.0373,6.2,10230000000,10230000000,2.11,1448000000,6017000000
254,1655,603383,顶点软件,-0.0366,28.17,-1.07,0.0021,29.1,29.24,29.43,27.96,12964,36840000,0.0077,1.18,-0.3914,0.0503,29.5,4736000000,4736000000,0.95,61620000,227000000
255,1656,688258,卓易信息,-0.0367,50.2,-1.91,0.0002,52.15,52.11,52.15,50.1,4444,22540000,0.0105,1.4,0.4132,0.0393,44.4,2127000000,4365000000,1.13,43520000,133000000
256,1657,688590,新致软件,-0.0367,16.29,-0.62,0.0006,16.9,16.91,17.05,16.22,9856,16260000,0.0266,1.41,0.3532,0.0491,28.1,603000000,2965000000,0.58,33820000,704000000
257,1658,603602,纵横通信,-0.0367,11.29,-0.43,0.0009,11.72,11.72,11.72,11.25,19130,21780000,0.0094,1.33,-0.1554,0.0401,1139.4,2299000000,2299000000,0.01,-22450000,373000000
258,1659,600318,新力金融,-0.0368,8.38,-0.32,-0.0023,8.61,8.7,8.66,8.38,70263,59710000,0.0138,1.53,-0.119,0.0299,210,4235000000,4312000000,0.04,29140000,356000000
259,1660,603960,克来机电,-0.0368,37.69,-1.44,-0.0003,39.1,39.13,39.1,37.5,20552,78250000,0.008,0.91,-0.3069,0.0409,67.3,9696000000,9835000000,0.56,96140000,571000000
260,1661,600237,铜峰电子,-0.0368,6.02,-0.23,0.0064,5.8,6.25,6.19,5.75,716300,427000000,0.1263,1.92,-0.1667,0.0704,-26.9,3414000000,3414000000,-0.22,5264000,621000000
261,1662,600121,郑州煤电,-0.0371,6.75,-0.26,-0.0014,6.8,7.01,6.98,6.58,600400,403000000,0.0492,0.91,-0.4695,0.0571,-6.5,8249000000,8249000000,-1.04,-407000000,2006000000
262,1663,601838,成都银行,-0.0371,10.11,-0.39,0.0048,10.49,10.5,10.49,10,259600,265000000,0.0137,0.72,-0.3691,0.0467,6.3,19120000000,36440000000,1.59,4200000000,10420000000
263,1664,601918,新集能源,-0.0372,2.85,-0.11,-0.0034,2.93,2.96,2.96,2.83,346600,99860000,0.0134,2.29,0.3271,0.0439,-7.5,7357000000,7357000000,-0.38,393000000,6097000000
264,1665,601995,中金公司,-0.0372,68.5,-2.65,0.0032,70.49,71.15,70.49,68.01,191300,1325000000,0.0731,1.5,0.4194,0.0349,69.2,17830000000,3.31E+11,0.99,4891000000,16800000000
265,1666,600405,动力源,-0.0373,6.2,-0.24,-0.0016,6.39,6.44,6.43,6.18,267800,168000000,0.0482,1.21,0.778,0.0388,213.8,3430000000,3454000000,0.03,21480000,857000000
266,1667,600791,京能置业,-0.0373,4.39,-0.17,0.0022,4.56,4.56,4.57,4.38,34709,15330000,0.0076,0.79,0.7216,0.0417,-25.7,1981000000,1984000000,-0.17,-66640000,147000000
267,1668,603115,海星股份,-0.0375,14.13,-0.55,-0.002,14.69,14.68,14.69,14.12,10150,14560000,0.0195,2.7,-0.1769,0.0388,26.2,735000000,2939000000,0.54,90860000,872000000
268,1669,603283,赛腾股份,-0.0375,32.59,-1.27,-0.0003,33.8,33.86,34.16,32.58,14962,49450000,0.0085,1.41,-0.1886,0.0467,31.3,5703000000,5843000000,1.04,149000000,1218000000
269,1670,688286,敏芯股份,-0.0376,130.95,-5.12,0.0002,136.84,136.07,137.58,128.88,4618,60980000,0.0378,1.45,-0.1604,0.0639,110.9,1588000000,6963000000,1.18,31030000,235000000
270,1671,688066,航天宏图,-0.0377,42.36,-1.66,-0.005,43.51,44.02,43.94,42.33,11131,47760000,0.0112,1.3,0.3344,0.0366,55.1,4154000000,7057000000,0.77,34010000,409000000
271,1672,600909,华安证券,-0.0378,7.13,-0.28,-0.0027,7.36,7.41,7.39,7.1,327700,237000000,0.0089,1.92,0.4767,0.0391,20.3,25780000000,25780000000,0.35,1002000000,2547000000
272,1673,600109,国金证券,-0.0378,15.53,-0.61,0.0025,16.03,16.14,16.1,15.42,534500,843000000,0.0176,1.96,0.5619,0.0421,23.6,46870000000,46870000000,0.66,1565000000,4728000000
273,1674,688133,泰坦科技,-0.0378,119.56,-4.7,0.0064,124.2,124.26,124.2,116.96,4555,54430000,0.029,1.42,-0.6916,0.0583,82.4,1860000000,9112000000,1.45,50760000,904000000
274,1675,688022,瀚川智能,-0.0378,30,-1.18,-0.0013,30.76,31.18,30.81,29.51,10770,32350000,0.0182,1.88,0.7049,0.0417,44.8,1748000000,3240000000,0.67,22150000,319000000
275,1676,688086,紫晶存储,-0.038,39.51,-1.56,0,40.99,41.07,41.24,39.36,7544,30250000,0.0163,0.99,-0.0641,0.0458,27.6,1823000000,7524000000,1.43,82030000,349000000
276,1677,600641,万业企业,-0.038,16.19,-0.64,-0.0018,16.73,16.83,16.73,16.12,72108,118000000,0.0075,1.32,0.6484,0.0362,64.1,15500000000,15500000000,0.25,223000000,564000000
277,1678,603019,中科曙光,-0.0381,34.06,-1.35,-0.0008,35.3,35.41,35.3,34,234600,808000000,0.018,1.92,0.8931,0.0367,54,44290000000,49350000000,0.63,324000000,5957000000
278,1679,601198,东兴证券,-0.0382,11.82,-0.47,-0.0008,12.25,12.29,12.28,11.82,163400,197000000,0.0058,1.95,0.4601,0.0374,23.6,32680000000,32680000000,0.5,1273000000,4114000000
279,1680,600509,天富能源,-0.0383,4.77,-0.19,0.002,4.88,4.96,4.9,4.72,146800,70260000,0.0127,1.05,0.7256,0.0363,-32.7,5481000000,5481000000,-0.15,26810000,3387000000
280,1681,603938,三孚股份,-0.0385,21.49,-0.86,0,21.94,22.35,22,21.22,11276,24180000,0.0075,1.76,-0.3566,0.0349,36.4,3227000000,3227000000,0.59,67010000,740000000
281,1682,600355,精伦电子,-0.0386,2.24,-0.09,0,2.29,2.33,2.32,2.15,90596,20310000,0.0183,1.84,0.3353,0.073,-15.3,1097000000,1097000000,-0.15,-26780000,128000000
282,1683,600855,航天长峰,-0.0386,14.93,-0.6,-0.0013,15.41,15.53,15.44,14.86,69807,106000000,0.0204,1.26,0.8766,0.0373,41.2,5087000000,6543000000,0.36,98860000,1447000000
283,1684,600883,博闻科技,-0.0388,6.69,-0.27,-0.0014,7.03,6.96,7.03,6.69,12926,8758000,0.0054,2.51,0.0917,0.0489,117.8,1582000000,1582000000,0.06,13510000,12910000
284,1685,688060,云涌科技,-0.0388,75.79,-3.06,-0.0039,78.5,78.85,79,75.79,3100,23740000,0.0217,1.55,-0.524,0.0407,32.6,1080000000,4548000000,2.32,42090000,145000000
285,1686,601456,国联证券,-0.0389,17.56,-0.71,-0.0022,18.13,18.27,18.36,17.54,268700,482000000,0.0559,1.35,-0.3106,0.0449,-877.5,8349000000,41730000000,-0.02,459000000,1365000000
286,1687,600397,安源煤业,-0.0389,2.72,-0.11,0,2.74,2.83,2.82,2.7,177500,48420000,0.0179,1.61,0.6143,0.0424,-22.4,2693000000,2693000000,-0.12,-225000000,5322000000
287,1688,600446,金证股份,-0.039,15.51,-0.63,0.0006,16.05,16.14,16.14,15.47,69011,108000000,0.0081,1,0.5312,0.0415,34.5,13270000000,13350000000,0.45,238000000,3600000000
288,1689,603228,景旺电子,-0.0392,28.22,-1.15,0,29.29,29.37,29.29,28.11,43091,123000000,0.0051,2.58,0.8316,0.0402,24.3,23680000000,24080000000,1.16,685000000,4927000000
289,1690,600609,金杯汽车,-0.0393,4.4,-0.18,0.0022,4.6,4.58,4.6,4.37,88141,39250000,0.008,1.42,-0.3619,0.0502,84.4,4797000000,5756000000,0.05,60410000,3946000000
290,1691,603377,东方时尚,-0.0397,13.29,-0.55,0,13.68,13.84,13.8,13.16,77864,104000000,0.0127,0.87,0.4662,0.0462,57.7,8109000000,8109000000,0.23,83350000,583000000
291,1692,688100,威胜信息,-0.0398,22.41,-0.93,0,23.08,23.34,23.19,22.39,9077,20640000,0.0055,1.12,-0.3184,0.0343,24.9,3709000000,11200000000,0.9,209000000,1044000000
292,1693,688012,中微公司,-0.0399,167.07,-6.94,0.001,173.99,174.01,175.25,163.9,40791,686000000,0.0166,0.93,-0.5457,0.0652,269,40920000000,89180000000,0.62,277000000,1476000000
293,1694,600980,北矿科技,-0.04,15.34,-0.64,0.0044,16.44,15.98,16.5,15,131300,205000000,0.0861,2.39,-0.393,0.0939,49.4,2333000000,2379000000,0.31,32810000,402000000
294,1695,600580,卧龙电驱,-0.0401,13.9,-0.58,0.0014,14.5,14.48,14.5,13.78,287500,405000000,0.0219,2.12,-0.0434,0.0497,23.3,18160000000,18180000000,0.6,622000000,9240000000
295,1696,601519,大智慧,-0.0402,9.8,-0.41,0.0039,10.17,10.21,10.25,9.71,364300,362000000,0.0183,1.58,0.6331,0.0529,181.1,19440000000,19440000000,0.05,15550000,454000000
296,1697,603596,伯特利,-0.0402,37.49,-1.57,0.0072,39.78,39.06,40.19,37,33868,131000000,0.0197,1.66,0.2281,0.0817,38.9,6408000000,15270000000,0.96,300000000,2025000000
297,1698,600967,内蒙一机,-0.0402,11.69,-0.49,0.0008,12.21,12.18,12.26,11.65,300100,355000000,0.0177,1.04,0.556,0.0501,31.6,19700000000,19700000000,0.37,469000000,7348000000
298,1699,600010,包钢股份,-0.0403,1.19,-0.05,0.0081,1.22,1.24,1.22,1.18,6884000,824000000,0.0217,2.27,0.1553,0.0323,-114.4,37690000000,54240000000,-0.01,167000000,43380000000
299,1700,600415,小商品城,-0.0404,5.22,-0.22,0.0018,5.41,5.44,5.41,5.17,487800,256000000,0.009,1.27,0.4238,0.0441,21.8,28410000000,28650000000,0.24,1110000000,3155000000
300,1701,605136,丽人丽妆,-0.0404,25.62,-1.08,0,26.29,26.7,26.29,25.4,29159,75220000,0.0728,1.45,0.5185,0.0333,32.2,1024000000,10240000000,0.79,192000000,2464000000
301,1702,603828,柯利达,-0.0404,4.27,-0.18,0,4.41,4.45,4.41,4.26,44622,19260000,0.0081,1.06,0.2337,0.0337,53.4,2338000000,2607000000,0.08,38120000,1739000000
302,1703,600185,格力地产,-0.0405,6.4,-0.27,0.0075,6.53,6.67,6.6,6.23,618400,396000000,0.0299,0.91,-0.076,0.0555,17.8,13170000000,13170000000,0.36,597000000,4250000000
303,1704,603466,风语筑,-0.0405,21.07,-0.89,-0.0018,21.95,21.96,21.95,21,23049,49340000,0.0079,1.45,0.4979,0.0433,18.3,6111000000,6140000000,1.15,275000000,1650000000
304,1705,603197,保隆科技,-0.0405,25.8,-1.09,0,26.89,26.89,26.95,25.71,11546,30140000,0.007,2.05,0.053,0.0461,21.8,4231000000,4262000000,1.18,140000000,2311000000
305,1706,603316,诚邦股份,-0.0405,6.39,-0.27,0,6.63,6.66,6.64,6.38,33198,21350000,0.0162,2.17,0.3783,0.039,33.6,1299000000,1299000000,0.19,29180000,756000000
306,1707,600498,烽火通信,-0.0406,22.92,-0.97,0.0008,23.88,23.89,23.88,22.73,142400,330000000,0.0126,2.1,0.7689,0.0481,41.7,25920000000,26800000000,0.55,277000000,15820000000
307,1708,603007,花王股份,-0.0406,5.43,-0.23,-0.0035,5.69,5.66,5.7,5.36,30314,16590000,0.0091,1.42,0.9264,0.0601,60.2,1807000000,1820000000,0.09,6009000,395000000
308,1709,600097,开创国际,-0.0406,10.15,-0.43,0,10.45,10.58,10.47,10.12,35074,35920000,0.0145,1.07,0.8446,0.0331,15.1,2446000000,2446000000,0.67,92350000,1510000000
309,1710,603158,腾龙股份,-0.0407,17.66,-0.75,0,18.21,18.41,18.41,17.62,14020,25210000,0.0064,2.78,-0.4261,0.0429,26,3836000000,3836000000,0.68,99980000,1116000000
310,1711,688589,力合微,-0.0408,30.53,-1.3,-0.0016,31.7,31.83,32.17,30.33,8956,27670000,0.0349,1.35,-0.0288,0.0578,57.6,783000000,3053000000,0.53,8692000,146000000
311,1712,600546,山煤国际,-0.0411,7.23,-0.31,0,7.43,7.54,7.45,7.16,298600,217000000,0.015,1.38,0.6757,0.0385,13.9,14330000000,14330000000,0.52,645000000,27660000000
312,1713,688256,寒武纪,-0.0412,162.99,-7.01,-0.0001,166.1,170,169,162.88,19897,329000000,0.0601,1.76,0.1983,0.036,-39.6,5376000000,65180000000,-4.11,-310000000,158000000
313,1714,688138,清溢光电,-0.0415,21.48,-0.93,-0.0027,22.3,22.41,22.7,21.44,12199,26670000,0.0155,0.91,-0.1605,0.0562,74.2,1682000000,5739000000,0.29,62540000,383000000
314,1715,600320,振华重工,-0.0416,3.46,-0.15,-0.0028,3.56,3.61,3.59,3.45,270100,94410000,0.0081,0.98,0.0486,0.0388,39.4,11520000000,18280000000,0.09,192000000,14470000000
315,1716,603701,德宏股份,-0.0416,9.44,-0.41,0.0041,10.36,9.85,10.36,9.34,221800,222000000,0.0847,10.3,-0.3624,0.1036,36.2,2457000000,2469000000,0.26,51540000,427000000
316,1717,600256,广汇能源,-0.0417,2.53,-0.11,0,2.65,2.64,2.65,2.52,498300,127000000,0.0074,3.78,0.102,0.0492,15.4,17150000000,17150000000,0.16,709000000,9942000000
317,1718,688398,赛特新材,-0.0417,43.23,-1.88,-0.0029,45.73,45.11,45.73,43.23,3166,13880000,0.0167,1.35,-0.0758,0.0554,19.2,821000000,3458000000,2.25,76270000,366000000
318,1719,688106,金宏气体,-0.0418,28.91,-1.26,0,29.99,30.17,30.17,28.8,41452,121000000,0.037,1.71,0.0692,0.0454,61.7,3231000000,14040000000,0.47,143000000,899000000
319,1720,601808,中海油服,-0.0421,15.48,-0.68,-0.0025,16.05,16.16,16.05,15.3,107000,167000000,0.0036,1.06,-0.1007,0.0464,28.9,45790000000,73810000000,0.53,2155000000,21450000000
320,1721,603108,润达医疗,-0.0422,12.71,-0.56,-0.003,13.24,13.27,13.24,12.58,63149,81520000,0.0109,0.95,-0.3782,0.0497,28.9,7377000000,7377000000,0.44,236000000,4925000000
321,1722,603126,中材节能,-0.0423,5.43,-0.24,0.0018,5.62,5.67,5.65,5.41,59424,32660000,0.0097,1.73,0.782,0.0423,31.7,3315000000,3315000000,0.17,48780000,1859000000
322,1723,688418,震有科技,-0.0426,21.59,-0.96,0.0013,22.99,22.55,22.99,21.5,12295,26840000,0.0299,1.67,0.3971,0.0661,51.8,888000000,4180000000,0.42,14550000,271000000
323,1724,601020,华钰矿业,-0.0427,8.52,-0.38,0.0045,8.81,8.9,8.82,8.46,125400,108000000,0.0226,1.66,0.4229,0.0404,38.7,4718000000,4730000000,0.22,60360000,1810000000
324,1725,688013,天臣医疗,-0.0427,25.78,-1.15,-0.0004,26.86,26.93,26.86,25.7,7954,20610000,0.0488,3.6,-0.5814,0.0431,46.9,420000000,2062000000,0.55,26070000,119000000
325,1726,688561,奇安信,-0.0428,112.96,-5.05,-0.0023,116.8,118.01,119.74,112.77,29389,342000000,0.0396,2.43,-0.6804,0.0579,-146.7,8264000000,76760000000,-0.77,-1007000000,1870000000
326,1727,603085,天成自控,-0.0428,8.5,-0.38,0,8.88,8.88,8.91,8.49,21236,18290000,0.0073,1.5,-0.3487,0.0473,-9.8,2473000000,3147000000,-0.87,42330000,987000000
327,1728,603083,剑桥科技,-0.0429,12.73,-0.57,0.0008,13.15,13.3,13.17,12.71,38116,49070000,0.0151,1.4,0.7392,0.0346,-37.5,3216000000,3216000000,-0.34,-126000000,2125000000
328,1729,600804,鹏博士,-0.0429,6.92,-0.31,-0.0055,7.2,7.23,7.23,6.85,285900,201000000,0.0199,1.42,0.4169,0.0526,-3.5,9898000000,9898000000,-1.96,1714000000,4142000000
329,1730,603179,新泉股份,-0.0429,36.83,-1.65,0.001,38.59,38.48,38.79,36.65,13418,50110000,0.0042,0.98,-0.8267,0.0556,43.3,11700000000,13530000000,0.85,169000000,2562000000
330,1731,600619,海立股份,-0.0429,7.36,-0.33,-0.0052,7.61,7.69,7.64,7.32,32574,24290000,0.0056,1.59,0.4305,0.0416,38.7,4285000000,6501000000,0.19,72390000,7396000000
331,1732,601658,邮储银行,-0.0429,5.35,-0.24,0,5.51,5.59,5.54,5.33,1544000,834000000,0.0137,0.73,0.6068,0.0376,8.1,60200000000,4.64E+11,0.66,52840000000,2.16E+11
332,1733,600536,中国软件,-0.0431,73.03,-3.29,-0.0009,76.1,76.32,76.19,72.96,131600,977000000,0.0264,1.59,0.8905,0.0423,-152.3,36140000000,36140000000,-0.48,-550000000,2238000000
333,1734,688557,兰剑智能,-0.0431,36.15,-1.63,-0.0029,37.4,37.78,37.77,36.12,3845,14160000,0.0231,1.18,-0.157,0.0437,13.7,597000000,2625000000,2.64,70900000,326000000
334,1735,603005,晶方科技,-0.0432,83.4,-3.77,0.0009,86.21,87.17,87.76,81.97,129500,1093000000,0.0402,1,0.5184,0.0664,77.1,26770000000,28260000000,1.08,268000000,764000000
335,1736,688529,豪森股份,-0.0433,29.13,-1.32,0,30.5,30.45,30.6,29.09,13841,41080000,0.0473,1.02,0.1513,0.0496,28.8,848000000,3729000000,1.01,68250000,832000000
336,1737,601579,会稽山,-0.0438,10.49,-0.48,-0.0027,10.85,10.97,10.93,10.49,87175,93000000,0.0171,1.12,0.6336,0.0392,33.9,5227000000,5227000000,0.31,64360000,681000000
337,1738,601001,晋控煤业,-0.0443,5.39,-0.25,-0.0018,5.59,5.64,5.63,5.38,204100,112000000,0.0122,1.56,0.8209,0.0443,9,9021000000,9021000000,0.6,763000000,8027000000
338,1739,603686,龙马环卫,-0.0444,16.37,-0.76,0.0012,17.13,17.13,17.13,16.3,109500,182000000,0.0262,1.7,-0.7103,0.0485,16.9,6817000000,6817000000,0.97,331000000,3895000000
339,1740,688388,嘉元科技,-0.0445,79.5,-3.7,-0.0013,83.15,83.2,83.68,77.83,31674,255000000,0.0188,1.47,0.2208,0.0703,109.3,13360000000,18410000000,0.73,117000000,789000000
340,1741,601633,长城汽车,-0.0446,39.03,-1.82,0.0007,40.17,40.85,40.3,38.38,351700,1378000000,0.0058,1.2,0.8151,0.047,85.7,2.35E+11,3.58E+11,0.46,2587000000,62140000000
341,1742,603160,汇顶科技,-0.0452,146.04,-6.91,-0.0002,152.9,152.95,152.9,145.62,49530,734000000,0.0109,2.07,0.1091,0.0476,38.5,66190000000,66830000000,3.79,1100000000,5128000000
342,1743,601696,中银证券,-0.0454,24.84,-1.18,-0.0012,25.82,26.02,25.88,24.7,122100,309000000,0.0437,1.95,0.6702,0.0453,77.8,6919000000,69140000000,0.32,848000000,2606000000
343,1744,600360,华微电子,-0.0456,8.38,-0.4,0,8.72,8.78,8.75,8.32,360000,305000000,0.0374,1.22,0.5107,0.049,281.2,8047000000,8047000000,0.03,19100000,1236000000
344,1745,600059,古越龙山,-0.0456,13.82,-0.66,-0.0035,14.35,14.48,14.44,13.8,265700,373000000,0.0327,1.07,0.9048,0.0442,62.8,11170000000,11170000000,0.22,85850000,860000000
345,1746,605358,立昂微,-0.0458,101.52,-4.87,0,103.81,106.39,105.49,99.92,44058,448000000,0.1084,1.17,0.3158,0.0524,241.6,4118000000,40650000000,0.42,131000000,1033000000
346,1747,688699,明微电子,-0.0459,58,-2.79,-0.0048,60.78,60.79,60.79,57.78,10223,60310000,0.0598,1.31,0.8499,0.0495,40.1,983000000,4321000000,1.45,58460000,321000000
347,1748,600183,生益科技,-0.0461,26.09,-1.26,0.0022,27.18,27.35,27.18,25.6,481300,1259000000,0.021,2.85,-0.6022,0.0578,34.8,59760000000,59760000000,0.75,1303000000,10690000000
348,1749,603986,兆易创新,-0.0461,208,-10.05,0,217,218.05,218,207.58,125800,2666000000,0.0285,1.62,-0.8325,0.0478,106.1,91350000000,98100000000,1.96,673000000,3174000000
349,1750,601766,中国中车,-0.0461,6.62,-0.32,-0.0043,6.88,6.94,6.88,6.6,1916000,1289000000,0.0078,0.72,0.7665,0.0403,18.4,1.61E+11,1.90E+11,0.36,6793000000,1.46E+11
350,1751,603506,南都物业,-0.0462,21.07,-1.02,-0.0041,21.92,22.09,22.09,21,12000,25570000,0.0357,0.74,0.0921,0.0493,21.5,708000000,2830000000,0.98,105000000,1017000000
351,1752,600562,国睿科技,-0.0462,16.73,-0.81,-0.0006,17.54,17.54,17.54,16.73,71129,121000000,0.0107,1.21,0.6294,0.0462,69.8,11060000000,20780000000,0.24,255000000,2430000000
352,1753,600303,曙光股份,-0.0465,3.9,-0.19,0.0049,3.97,4.09,3.97,3.82,281800,110000000,0.0416,3.12,0.2683,0.0367,24.4,2635000000,2635000000,0.16,-28750000,1310000000
353,1754,688277,天智航,-0.0465,44.32,-2.16,-0.0082,46.4,46.48,47.31,44.31,12698,58010000,0.0339,1.22,-0.2525,0.0605,4460,1643000000,18660000000,0.01,-51220000,76440000
354,1755,603589,口子窖,-0.0465,64.17,-3.13,0.0013,67.18,67.3,67.83,63.84,82019,537000000,0.0136,1.48,0.7487,0.0593,29.8,38410000000,38410000000,2.15,864000000,2687000000
355,1756,603256,宏和科技,-0.0471,9.51,-0.47,-0.001,9.91,9.98,9.93,9.42,51006,48970000,0.0374,1.24,0.6344,0.0511,73.2,1294000000,8357000000,0.13,85780000,461000000
356,1757,601601,中国太保,-0.0477,37.76,-1.89,-0.0003,39.5,39.65,39.5,37.7,382900,1469000000,0.0056,1.22,0.2349,0.0454,14.3,2.59E+11,3.64E+11,2.65,19640000000,3.42E+11
357,1758,600460,士兰微,-0.0478,25.9,-1.3,0.0004,27.21,27.2,27.48,25.5,448800,1181000000,0.0341,1.24,-0.4602,0.0728,6475,33980000000,33980000000,0,44270000,2964000000
358,1759,688365,光云科技,-0.048,23.01,-1.16,-0.0012,23.96,24.17,24.11,22.98,7558,17720000,0.0211,1.29,-0.3173,0.0468,53.5,821000000,9223000000,0.43,58630000,364000000
359,1760,600333,长春燃气,-0.0481,5.94,-0.3,0.0016,6.13,6.24,6.19,5.9,230500,139000000,0.0378,1.29,0.5672,0.0465,593,3612000000,3612000000,0.01,-90350000,948000000
360,1761,688019,安集科技,-0.0481,340.77,-17.23,-0.0011,356.6,358,365,338.02,8038,278000000,0.0269,0.94,0.0653,0.0754,135.8,10180000000,18090000000,2.51,114000000,309000000
361,1762,601375,中原证券,-0.0487,5.47,-0.28,0.0017,5.66,5.75,5.69,5.41,1082000,599000000,0.0404,1.76,0.5962,0.0487,-136.3,14570000000,25300000000,-0.04,86750000,2208000000
362,1763,688311,盟升电子,-0.0489,98.45,-5.06,-0.004,104.54,103.51,104.54,98.12,6299,63260000,0.0224,0.96,0.4764,0.062,100.6,2712000000,11300000000,0.98,35130000,172000000
363,1764,600381,青海春天,-0.0491,7.16,-0.37,-0.0013,7.26,7.53,7.45,7.04,203500,147000000,0.0346,1.06,0.3585,0.0544,-60.6,4197000000,4197000000,-0.12,-103000000,62400000
364,1765,600323,瀚蓝环境,-0.0493,22.96,-1.19,0.0041,24.21,24.15,24.34,22.86,54027,126000000,0.0069,2.37,-0.0981,0.0613,18.7,17580000000,17580000000,1.23,769000000,5147000000
365,1766,688396,华润微,-0.0495,67.21,-3.5,-0.0016,71.13,70.71,71.96,66.98,116700,801000000,0.0467,1.43,0.4377,0.0704,63.2,16710000000,81620000000,1.06,687000000,4889000000
366,1767,600319,ST亚星,-0.0499,5.9,-0.31,0,5.9,6.21,5.9,5.9,453,267300,0.0001,0.33,-1,0,-196.7,1862000000,1862000000,-0.03,-19970000,42840000
367,1768,601231,环旭电子,-0.0501,18,-0.95,-0.0005,18.96,18.95,19.3,17.93,221600,407000000,0.0101,1.78,0.746,0.0723,28.1,39250000000,39720000000,0.64,1001000000,29470000000
368,1769,603378,亚士创能,-0.0502,43.15,-2.28,-0.0015,45,45.43,45.02,43.12,23055,101000000,0.0118,1.12,-0.1398,0.0418,30.6,8408000000,8898000000,1.41,237000000,2366000000
369,1770,605111,新洁能,-0.0506,198.42,-10.58,0.0119,207.16,209,210,193,25012,500000000,0.0983,1.61,0.1739,0.0813,152.7,4984000000,19930000000,1.29,101000000,666000000
370,1771,603595,东尼电子,-0.0508,22.04,-1.18,0.0004,22.74,23.22,23,22,24624,54930000,0.0152,1.35,-0.5522,0.0431,73.5,3557000000,4695000000,0.3,36540000,559000000
371,1772,688077,大地熊,-0.0511,43.66,-2.35,0.0002,44.69,46.01,45.79,43.37,28135,125000000,0.148,2.19,0.4982,0.0526,31.8,827000000,3484000000,1.37,32360000,516000000
372,1773,601717,郑煤机,-0.0525,11.36,-0.63,-0.0017,12,11.99,12.05,11.29,272300,315000000,0.0183,1.03,0.5529,0.0634,16.5,16910000000,19680000000,0.69,1213000000,19240000000
373,1774,688608,恒玄科技,-0.0529,378.92,-21.17,0.0098,400.09,400.09,407,371.18,10073,388000000,0.0438,1.61,-0.0856,0.0895,241.9,8708000000,45470000000,1.57,117000000,669000000
374,1775,600984,建设机械,-0.0533,11.18,-0.63,0.0017,11.82,11.81,11.83,11.14,204700,232000000,0.0238,1.27,0.4903,0.0584,19.4,9604000000,10810000000,0.58,375000000,2697000000
375,1776,600918,中泰证券,-0.0534,15.41,-0.87,-0.0049,16.16,16.28,16.25,15.31,377800,597000000,0.0542,2.33,0.4517,0.0577,24.5,10730000000,1.07E+11,0.63,2295000000,7529000000
376,1777,600379,宝光股份,-0.0535,6.54,-0.37,0.0058,6.91,6.91,6.92,6.36,205200,135000000,0.0622,0.93,0.2302,0.081,46.4,2160000000,2160000000,0.14,30610000,612000000
377,1778,600257,大湖股份,-0.0546,5.71,-0.33,-0.0033,6.01,6.04,6.04,5.66,317300,183000000,0.0659,1.12,0.0738,0.0629,-21,2748000000,2748000000,-0.27,5679000,642000000
378,1779,603890,春秋电子,-0.0551,13.2,-0.77,0.0007,13.9,13.97,13.9,13.11,89313,120000000,0.0236,1.97,-0.6008,0.0565,16.7,5004000000,5089000000,0.79,196000000,2416000000
379,1780,600823,世茂股份,-0.0553,4.44,-0.26,-0.0021,4.67,4.7,4.67,4.43,195700,88660000,0.0052,1.56,0.5788,0.0511,8.4,16650000000,16650000000,0.53,1081000000,12010000000
380,1781,600199,金种子酒,-0.0554,15.7,-0.92,-0.0012,16.3,16.62,16.74,15.66,336200,541000000,0.0554,1.33,0.742,0.065,-42.1,9522000000,10320000000,-0.37,-105000000,663000000
381,1782,600403,大有能源,-0.0556,4.25,-0.25,0,4.42,4.5,4.43,4.21,226100,97020000,0.0095,1.37,0.166,0.0489,161.6,10160000000,10160000000,0.03,139000000,4399000000
382,1783,600616,金枫酒业,-0.0559,8.45,-0.5,-0.0011,8.87,8.95,8.93,8.42,241500,208000000,0.0361,1.19,0.5929,0.057,422.5,5653000000,5653000000,0.02,868700,410000000
383,1784,603010,万盛股份,-0.0567,25.64,-1.54,0.0033,25.9,27.18,26.3,24.77,115900,295000000,0.0336,2.5,-0.2286,0.0563,34.6,8855000000,8887000000,0.74,230000000,1551000000
384,1785,601068,中铝国际,-0.0568,3.49,-0.21,-0.0027,3.67,3.7,3.68,3.47,256700,91400000,0.0867,5.29,0.4595,0.0568,-32.6,1033000000,10320000000,-0.11,-179000000,16370000000
385,1786,688116,天奈科技,-0.0569,65.63,-3.96,-0.0024,69.23,69.59,69.77,65.55,19853,133000000,0.0112,1.29,0.8125,0.0606,168.3,11580000000,15210000000,0.39,76790000,316000000
386,1787,600393,粤泰股份,-0.0583,1.94,-0.12,0.0049,2.04,2.06,2.06,1.91,719900,142000000,0.0728,2.88,0.4235,0.0728,22.4,1917000000,4920000000,0,201000000,2994000000
387,1788,688336,三生国健,-0.0585,21.23,-1.32,0,22.3,22.55,22.3,21.08,21092,45080000,0.0355,5.07,0.552,0.0541,96.5,1263000000,13080000000,0.22,-56890000,586000000
388,1789,688229,博睿数据,-0.0587,123.21,-7.68,-0.0099,130.78,130.89,132.88,123,1960,24830000,0.0194,1.38,0.2716,0.0755,87.4,1245000000,5471000000,1.41,10260000,95010000
389,1790,603535,嘉诚国际,-0.0593,37.25,-2.35,-0.0003,38.91,39.6,38.91,36.8,29681,112000000,0.0197,1.3,0.5443,0.0533,36.9,5602000000,5602000000,1.01,132000000,822000000
390,1791,600684,珠江实业,-0.061,2.77,-0.18,0.0034,2.67,2.95,2.8,2.67,95409,26160000,0.0112,1.37,0.356,0.0441,14.6,2364000000,2364000000,0.19,-13130000,1979000000
391,1792,600584,长电科技,-0.0614,44.47,-2.91,0.0021,47.4,47.38,47.88,44.01,720200,3283000000,0.053,1.78,0.4259,0.0817,68.4,60470000000,71280000000,0.65,764000000,18760000000
392,1793,603698,航天工程,-0.0624,15.03,-1,-0.0075,15.78,16.03,15.78,14.92,189600,290000000,0.0354,0.87,0.366,0.0536,62.6,8056000000,8056000000,0.24,72310000,968000000
393,1794,603798,康普顿,-0.0649,9.94,-0.69,0.0019,9.73,10.63,10.15,9.73,58858,58240000,0.0294,1.41,-0.024,0.0395,22.6,1988000000,1988000000,0.44,89450000,732000000
394,1795,600469,风神股份,-0.0667,5.74,-0.41,0,6.06,6.15,6.07,5.56,345600,201000000,0.0615,2.76,0.4897,0.0829,18.5,3228000000,4197000000,0.31,163000000,4134000000
395,1796,603730,岱美股份,-0.0699,27.94,-2.1,-0.0007,30.75,30.04,30.9,27.91,19630,56440000,0.0034,1.78,-0.0721,0.0995,26.9,16190000000,16190000000,1.04,392000000,2977000000
396,1797,600628,新世界,-0.0717,8.03,-0.62,0.0012,8.05,8.65,8.28,7.98,59577,48250000,0.0092,2.85,0.7446,0.0347,803,5194000000,5194000000,0.01,18890000,720000000
397,1798,603499,翔港科技,-0.0743,9.22,-0.74,0.007,10.3,9.96,10.48,8.96,99003,94630000,0.0494,9.97,0.1341,0.1526,-228.2,1847000000,1864000000,-0.04,7216000,330000000
398,1799,600468,百利电气,-0.0763,4.24,-0.35,0.0022,4.34,4.59,4.4,4.13,262700,111000000,0.0234,2.44,0.316,0.0588,46.3,4757000000,4757000000,0.09,84000000,1535000000
399,1800,603810,丰山集团,-0.0791,27.12,-2.33,0,29.2,29.45,31.2,27.04,51726,149000000,0.0935,3.46,-0.2878,0.1413,20.3,1500000000,3152000000,1.33,180000000,1100000000
400,1801,688155,先惠技术,-0.0822,69.2,-6.2,-0.0029,75,75.4,75,68.82,11079,78690000,0.0644,1.64,-0.7,0.082,38.3,1190000000,5234000000,1.81,31070000,302000000
401,1802,600189,泉阳泉,-0.085,14.32,-1.33,0.0032,14.99,15.65,15.08,14.1,392400,571000000,0.0697,1.69,0.8241,0.0626,-27,8059000000,10240000000,-0.53,76410000,852000000
402,1803,600638,新黄浦,-0.0996,6.96,-0.77,0,7.92,7.73,7.94,6.96,324700,247000000,0.0482,10.51,-1,0.1268,-9.2,4687000000,4687000000,-0.75,83660000,643000000
403,1804,603500,祥和实业,-0.0997,13.09,-1.45,0,13.09,14.54,13.66,13.09,62791,82640000,0.0356,1.63,-1,0.0392,37.4,2309000000,2309000000,0.35,38390000,174000000
404,1805,603970,中农立华,-0.0998,19.66,-2.18,0,21.5,21.84,21.53,19.66,40114,80590000,0.042,2.02,-1,0.0856,29,1878000000,3775000000,0.68,108000000,5183000000
405,1806,603580,艾艾精工,-0.0999,12.07,-1.34,0,12.07,13.41,12.07,12.07,7668,9255000,0.0059,0.36,-1,0,45.8,1577000000,1577000000,0.26,25680000,154000000
406,1807,603317,天味食品,-0.1001,64.67,-7.19,0,64.67,71.86,65.3,64.67,61984,401000000,0.0495,3.44,-1,0.0088,74.8,8098000000,40770000000,0.86,320000000,1525000000
407,1808,600086,退市金钰,-0.1039,0.69,-0.08,0,0.69,0.77,0.69,0.69,45,3105,0,0,-1,0,-0.6,729000000,931000000,-1.17,-657000000,2169000
